{
	"format_version": "1.8.0",
	"animations": {
		"animation.normal_s3.collapse": {
			"loop": "hold_on_last_frame",
			"animation_length": 1.25,
			"bones": {
				"skeleton_corpse_1": {
					"scale": {
						"0.95": {"pre": [1, 1, 1], "post": [0, 0, 0]}
					}
				},
				"body_2": {
					"rotation": {
						"0.0": [0, 0, 0],
						"0.05": [0, -5.88951, 0],
						"0.1": [0, -14.02921, 0],
						"0.15": [0, -25.004, 0],
						"0.3": [0, -82.25, 0],
						"0.35": [0, -80.5, 0],
						"0.4": [0, -82.25, 0]
					},
					"position": {
						"0.0": [0, 0, 0],
						"0.15": [0.775, 0, -2.12],
						"0.3": [2.5, 0, -3.75]
					}
				},
				"head": {
					"rotation": {
						"0.0": [0, 0, 0],
						"0.2": [11, 35.25, 14.5],
						"0.3": [11, 35.25, 14.5],
						"0.35": [0, -16, 0],
						"0.4": [-0.01776, -9.07928, -3.48621],
						"0.45": [0, -16, 0],
						"0.5": [-0.01776, -12.80428, -1.46121],
						"0.55": [0, -16, 0]
					}
				},
				"left_arm": {
					"rotation": {
						"0.0": [0, 0, 0],
						"0.2": [-50.25, 0, 0],
						"0.25": [-50.25, 48.25, 46.13],
						"0.3": [-50.25, 59.75, 58.75],
						"0.4": [-34, 68.25, 58.75],
						"0.6": [-34, 70.5, 58.75]
					}
				},
				"right_arm": {
					"rotation": {
						"0.0": [0, 0, 0],
						"0.05": [-3.14, -2.75, 1.85],
						"0.1": [-7.21, -7.27, 5.13],
						"0.15": [-12.17, -12.27, 8.65],
						"0.2": [-17.96, -16.46, 11.26],
						"0.25": [-24.54, -18.57, 11.78],
						"0.3": [-31.84, -17.3, 9.04],
						"0.35": [-46.35, -6.75, -3.74],
						"0.4": [-64.05, 10.57, -23.42],
						"0.45": [-80.64, 28.44, -43.39],
						"0.5": [-91.84, 40.61, -57.02],
						"0.55": [-95.29, 44.68, -61.66],
						"0.6": [-93.68, 44.23, -61.15],
						"0.65": [-90.28, 41.97, -58.57],
						"0.7": [-88.34, 40.61, -57.02],
						"0.75": [-88.6, 40.61, -57.02],
						"0.8": [-89.37, 40.61, -57.02],
						"0.85": [-90.25, 40.61, -57.02],
						"0.9": [-90.84, 40.61, -57.02]
					}
				},
				"left_leg": {
					"rotation": {
						"0.1": [0, 0, 0],
						"0.3": [0, 0, 8.25]
					}
				},
				"right_leg": {
					"rotation": {
						"0.0": [0, 0, 0],
						"0.1": [0, 0, 14.5]
					},
					"position": {
						"0.0": [0, 0, 0],
						"0.1": [1.75, 0, 0]
					}
				}
			}
		}
	}
}