{
	"format_version": "1.8.0",
	"animations": {
		"animation.normal_s1.collapse": {
			"loop": "hold_on_last_frame",
			"animation_length": 1.25,
			"bones": {
				"skeleton_corpse_1": {
					"scale": {
						"1.0": {"pre": [1, 1, 1], "post": [0, 0, 0]}
					}
				},
				"head": {
					"rotation": {
						"0.0": [0, 0, 0],
						"0.15": [-8.54961, 15.63084, -16.56798],
						"0.3": [-8.16, 12.91, -16.01]
					},
					"position": {
						"0.0": [0, 0, 0],
						"0.1": [0.2, 1.17497, 0],
						"0.2": [0.125, 1.54, 0],
						"0.3": [-0.05, 1.755, 0]
					}
				},
				"body": {
					"rotation": {
						"0.0": [0, 0, 0],
						"0.05": [15.25, 0, 0],
						"0.15": [-3.75, 0, 0],
						"0.2": [3, 0, 0],
						"0.25": [0, 0, 0],
						"0.3": [0.75, 0, 0],
						"0.35": [0, 0, 0]
					},
					"position": {
						"0.0": [0, 0, 0],
						"0.05": [0, 0, 0],
						"0.15": [0, 0, -0.75],
						"0.2": [0, 0, 0],
						"0.25": [0, 0, 0],
						"0.3": [0, 0, 0],
						"0.35": [0, 0, 0]
					}
				},
				"left_arm": {
					"rotation": {
						"0.0": [0, 0, 0],
						"0.05": [-21.57518, -4.75113, -22.01816],
						"0.1": [-11.57518, -4.75113, -22.01816],
						"0.2": [-12.57518, -4.75113, -22.01816],
						"0.3": [-11.57518, -4.75113, -22.01816]
					},
					"position": {
						"0.0": [0, 0, 0],
						"0.05": [2.75, 0, 1.5]
					}
				},
				"right_arm": {
					"rotation": {
						"0.0": [0, 0, 0],
						"0.05": [-7.1214, 0.57298, -4.46524],
						"0.3": [-7.01483, 0.58705, -8.96648]
					},
					"position": {
						"0.0": [0, 0, 0],
						"0.05": [-1.65, 0, 1.25],
						"0.3": [-2.125, 0, 1.25]
					}
				},
				"left_leg": {
					"rotation": {
						"0.0": [0, 0, 0],
						"0.25": [0.36809, -22.3438, -2.68892],
						"0.5": [0.31, -20.21, -2.42]
					}
				},
				"right_leg": {
					"rotation": {
						"0.1": [0, 0, 0],
						"0.4": [0.06315, 0.32012, -2.48023],
						"0.7": [0.04, 0.21, -1.65]
					}
				}
			}
		}
	}
}