{
	"format_version": "1.8.0",
	"animations": {
		"animation.normal_s4.collapse": {
			"loop": "hold_on_last_frame",
			"animation_length": 1.2,
			"bones": {
				"skeleton_corpse_1": {
					"scale": {
						"1.0": {"pre": [1, 1, 1], "post": [0, 0, 0]}
					}
				},
				"body": {
					"rotation": {
						"0.0": [0, 0, 0],
						"0.1": [1.32481, 0, 0],
						"0.2": [7.58593, 0, 0],
						"0.3": [26.25, 0, 0],
						"0.35": [22.25, -3.03789, 3.8746],
						"0.4": [26.25, -4.93859, 6.29881],
						"0.45": [24.875, -6.05303, 7.72019],
						"0.5": [25.43654, -6.65411, 8.48682]
					}
				},
				"left_arm": {
					"rotation": {
						"0.25": [0, 0, 0],
						"0.3": [-15.69, -3.45, -8.02],
						"0.35": [-29.37, -8.5, -19.75],
						"0.4": [-43.31, -13.55, -31.48],
						"0.45": [-59.25, -17, -39.5],
						"0.5": [-80.25, -17, -39.5],
						"0.55": [-77.25, -17, -39.5],
						"0.6": [-78.75, -17, -39.5],
						"0.65": [-77.25, -17, -39.5]
					},
					"position": {
						"0.25": [0, 0, 0],
						"0.3": [-0.16, 1.55, 0.87],
						"0.35": [-0.5, 2.515, 1.815],
						"0.4": [-1.09, 3.905, 3.505],
						"0.45": [-1.5, 5.005, 5.8],
						"0.5": [-2.175, 6.28, 9],
						"0.55": [-2.175, 6.28, 9],
						"0.65": [-2.27, 6.405, 9]
					}
				},
				"right_arm": {
					"rotation": {
						"0.0": [0, 0, 0],
						"0.05": [-12.25, 0, 0],
						"0.2": [-90, 0, 0]
					},
					"position": {
						"0.0": [0, 0, 0],
						"0.05": [0, 2.44, 0.13],
						"0.1": [0, 7.445, 2.025],
						"0.15": [0, 10.425, 5.335],
						"0.2": [0, 11.25, 10],
						"0.25": [0, 11.5, 9.825],
						"0.3": [0, 11.75, 10],
						"0.35": [0, 12, 9.925],
						"0.4": [0, 12, 10]
					}
				}
			}
		}
	}
}